{
    "pedidos": [
        {
            "id": 1,
            "titulo": "O Enigma do Tempo",
            "token": "M88N01CVdd",
            "qtd": 3,
            "total": 89.97000122070312
        }
    ],
    "usuarios": [
        {
            "login": "joao",
            "senha": "123",
            "token": "M88N01CVdd"
        }
    ],
    "livros": [
        {
            "titulo": "Pele negra, m\u00c3\u00a1scaras brancas",
            "autor": "Frantz Fanon",
            "ano": 1952,
            "valor": 27.99,
            "qtd": 10
        },
        {
            "titulo": "O Enigma do Tempo",
            "autor": "Jo\u00c3\u00a3o Silva",
            "ano": 2001,
            "valor": 29.99,
            "qtd": 1
        },
        {
            "titulo": "Mist\u00c3\u00a9rio na Ilha Perdida",
            "autor": "Maria Oliveira",
            "ano": 1998,
            "valor": 15.5,
            "qtd": 5
        },
        {
            "titulo": "Ecos da Eternidade",
            "autor": "Ana Santos",
            "ano": 2015,
            "valor": 22.0,
            "qtd": 8
        },
        {
            "titulo": "O \u00c3\u0161ltimo Horizonte",
            "autor": "Carlos Lima",
            "ano": 2012,
            "valor": 18.75,
            "qtd": 3
        },
        {
            "titulo": "Sombras do Passado",
            "autor": "Helena Costa",
            "ano": 2010,
            "valor": 25.0,
            "qtd": 7
        },
        {
            "titulo": "Sussurros ao Vento",
            "autor": "Raquel Almeida",
            "ano": 2008,
            "valor": 20.0,
            "qtd": 12
        },
        {
            "titulo": "Reinos Esquecidos",
            "autor": "George Matheus",
            "ano": 2004,
            "valor": 17.99,
            "qtd": 4
        },
        {
            "titulo": "O Jardim Secreto",
            "autor": "Fiona Paiva",
            "ano": 2002,
            "valor": 23.5,
            "qtd": 6
        },
        {
            "titulo": "A Floresta Encantada",
            "autor": "Anna Reis",
            "ano": 2017,
            "valor": 19.99,
            "qtd": 11
        },
        {
            "titulo": "Sobrevivendo no inferno",
            "autor": "Racionais MC's",
            "ano": 2018,
            "valor": 24.0,
            "qtd": 9
        },
        {
            "titulo": "Contos dos Esquecidos",
            "autor": "Diana Melo",
            "ano": 2005,
            "valor": 21.75,
            "qtd": 10
        },
        {
            "titulo": "Ecos do Sil\u00c3\u00aancio",
            "autor": "Miguel Rocha",
            "ano": 2013,
            "valor": 26.0,
            "qtd": 2
        },
        {
            "titulo": "Al\u00c3\u00a9m do Horizonte",
            "autor": "Laura Freitas",
            "ano": 2009,
            "valor": 30.0,
            "qtd": 5
        },
        {
            "titulo": "Vozes do Passado",
            "autor": "Jo\u00c3\u00a3o Almeida",
            "ano": 2007,
            "valor": 27.5,
            "qtd": 8
        },
        {
            "titulo": "O Caminho Oculto",
            "autor": "Sofia Lima",
            "ano": 2011,
            "valor": 22.5,
            "qtd": 7
        },
        {
            "titulo": "Viagem ao Desconhecido",
            "autor": "Oliver Souza",
            "ano": 2014,
            "valor": 28.99,
            "qtd": 6
        },
        {
            "titulo": "O Imp\u00c3\u00a9rio Perdido",
            "autor": "Victoria Prado",
            "ano": 2003,
            "valor": 19.5,
            "qtd": 3
        },
        {
            "titulo": "Segredos do Abismo",
            "autor": "Aaron Costa",
            "ano": 2016,
            "valor": 24.75,
            "qtd": 4
        },
        {
            "titulo": "Ventos da Mudan\u00c3\u00a7a",
            "autor": "Rebeca Gomes",
            "ano": 2020,
            "valor": 29.5,
            "qtd": 10
        },
        {
            "titulo": "Reflexos do Passado",
            "autor": "Cristiano Dias",
            "ano": 1999,
            "valor": 16.0,
            "qtd": 8
        },
        {
            "titulo": "A Maldi\u00c3\u00a7\u00c3\u00a3o do Fantasma",
            "autor": "Isabel Luz",
            "ano": 2006,
            "valor": 21.99,
            "qtd": 12
        },
        {
            "titulo": "Mem\u00c3\u00b3rias Assombradas",
            "autor": "Daniel Monteiro",
            "ano": 2019,
            "valor": 23.75,
            "qtd": 11
        },
        {
            "titulo": "A Caverna de Cristal",
            "autor": "Amanda Rocha",
            "ano": 2018,
            "valor": 27.0,
            "qtd": 5
        },
        {
            "titulo": "Reino dos Sonhos",
            "autor": "Carlos Silva",
            "ano": 2010,
            "valor": 22.99,
            "qtd": 6
        },
        {
            "titulo": "A Jornada das Estrelas",
            "autor": "Juliana Mendes",
            "ano": 2001,
            "valor": 18.5,
            "qtd": 3
        },
        {
            "titulo": "O Despertar da Magia",
            "autor": "Felipe Oliveira",
            "ano": 2005,
            "valor": 25.0,
            "qtd": 9
        },
        {
            "titulo": "Luzes do Amanh\u00c3\u00a3",
            "autor": "Mariana Pereira",
            "ano": 2013,
            "valor": 30.0,
            "qtd": 10
        },
        {
            "titulo": "Sombras da Noite",
            "autor": "Rafael Martins",
            "ano": 2008,
            "valor": 17.75,
            "qtd": 7
        },
        {
            "titulo": "O Segredo do Castelo",
            "autor": "L\u00c3\u00bacia Silva",
            "ano": 2016,
            "valor": 21.5,
            "qtd": 4
        },
        {
            "titulo": "Contos de Fadas",
            "autor": "Renato Ferreira",
            "ano": 2017,
            "valor": 23.0,
            "qtd": 8
        },
        {
            "titulo": "Marcas do Destino",
            "autor": "Gabriela Costa",
            "ano": 2004,
            "valor": 19.99,
            "qtd": 11
        },
        {
            "titulo": "O \u00c3\u0161ltimo Guardi\u00c3\u00a3o",
            "autor": "Fernando Souza",
            "ano": 2012,
            "valor": 26.5,
            "qtd": 3
        },
        {
            "titulo": "Segredos Antigos",
            "autor": "Patr\u00c3\u00adcia Lima",
            "ano": 2010,
            "valor": 28.0,
            "qtd": 12
        },
        {
            "titulo": "A Lenda do Drag\u00c3\u00a3o",
            "autor": "Thiago Almeida",
            "ano": 2009,
            "valor": 22.75,
            "qtd": 5
        },
        {
            "titulo": "O Caminho das Estrelas",
            "autor": "Ricardo Moreira",
            "ano": 2006,
            "valor": 29.0,
            "qtd": 6
        },
        {
            "titulo": "O Despertar do Her\u00c3\u00b3i",
            "autor": "Vanessa Cruz",
            "ano": 2014,
            "valor": 24.99,
            "qtd": 9
        },
        {
            "titulo": "Sombras do Amanh\u00c3\u00a3",
            "autor": "Eduardo Lima",
            "ano": 2011,
            "valor": 18.99,
            "qtd": 8
        },
        {
            "titulo": "O Cora\u00c3\u00a7\u00c3\u00a3o da Floresta",
            "autor": "Bruna Santos",
            "ano": 2015,
            "valor": 27.75,
            "qtd": 10
        },
        {
            "titulo": "O Chamado da Natureza",
            "autor": "Rodrigo Mendes",
            "ano": 2003,
            "valor": 23.99,
            "qtd": 7
        },
        {
            "titulo": "A Lenda dos Esp\u00c3\u00adritos",
            "autor": "Isabela Rodrigues",
            "ano": 2017,
            "valor": 21.25,
            "qtd": 4
        },
        {
            "titulo": "O Guardi\u00c3\u00a3o do Tempo",
            "autor": "Lucas Carvalho",
            "ano": 2018,
            "valor": 30.5,
            "qtd": 6
        },
        {
            "titulo": "A Profecia Esquecida",
            "autor": "Tatiana Fernandes",
            "ano": 2020,
            "valor": 25.75,
            "qtd": 11
        },
        {
            "titulo": "O Enigma do Cristal",
            "autor": "Gustavo Almeida",
            "ano": 2002,
            "valor": 19.5,
            "qtd": 3
        },
        {
            "titulo": "O Labirinto Perdido",
            "autor": "Fernanda Silva",
            "ano": 1999,
            "valor": 16.99,
            "qtd": 9
        },
        {
            "titulo": "A Luz das Estrelas",
            "autor": "Marcos Costa",
            "ano": 2007,
            "valor": 24.0,
            "qtd": 3
        },
        {
            "titulo": "O Sopro do Vento",
            "autor": "Adriana Melo",
            "ano": 2005,
            "valor": 22.5,
            "qtd": 2
        },
        {
            "titulo": "O Espelho da Alma",
            "autor": "Paulo Oliveira",
            "ano": 2019,
            "valor": 27.99,
            "qtd": 9
        }
    ]
}